{
	"format_version": "1.8.0",
	"animations": {
		"animation.player.var": {
			"animation_length": 5.75,
			"bones": {
				"leftArm": {
					"rotation": {
						"0": [0, 0, 0],
						"0.75": [-57.99794, -19.3546, -11.70092],
						"0.7917": [-59.81493, -19.49648, -11.52083],
						"0.8333": [-62.73341, -19.72437, -11.23158],
						"0.875": [-66.01104, -19.9803, -10.90672],
						"0.9167": [-69.48063, -20.25122, -10.56284],
						"1.375": [-111.10933, -23.5018, -6.43692],
						"1.5417": [-126.10224, -24.67252, -4.95094],
						"1.5833": [-129.69341, -24.95294, -4.59501],
						"1.625": [-133.163, -25.22386, -4.25113],
						"1.6667": [-136.44063, -25.47979, -3.92628],
						"1.7083": [-139.35911, -25.70768, -3.63702],
						"1.75": [-141.17611, -25.84956, -3.45693],
						"1.7917": [-141.00208, -25.00862, -4.36652],
						"1.8333": [-140.70011, -23.5494, -5.94485],
						"1.875": [-140.35176, -21.86606, -7.76558],
						"2.25": [-136.7364, -4.39549, -26.66213],
						"2.375": [-135.57492, 1.21714, -32.73287],
						"2.4167": [-135.22657, 2.90048, -34.55361],
						"2.4583": [-134.9246, 4.3597, -36.13194],
						"2.5": [-134.75058, 5.20065, -37.04152],
						"2.5417": [-131.92919, 5.20065, -37.04152],
						"2.5833": [-126.30521, 5.20065, -37.04152],
						"2.625": [-119.44958, 5.20065, -37.04152],
						"2.6667": [-111.93022, 5.20065, -37.04152],
						"2.7083": [-104.04726, 5.20065, -37.04152],
						"2.7917": [-87.95389, 5.20065, -37.04152],
						"2.8333": [-80.07094, 5.20065, -37.04152],
						"2.875": [-72.55158, 5.20065, -37.04152],
						"2.9167": [-65.69594, 5.20065, -37.04152],
						"2.9583": [-60.07196, 5.20065, -37.04152],
						"3.0": [-57.25058, 5.20065, -37.04152],
						"3.0417": [-57.29534, 3.72981, -35.52365],
						"3.0833": [-57.42877, -0.6542, -30.99942],
						"3.1667": [-57.81974, -13.49975, -17.74303],
						"3.2083": [-57.95317, -17.88376, -13.2188],
						"3.25": [-57.99794, -19.3546, -11.70092],
						"3.2917": [-59.81493, -19.49648, -11.52083],
						"3.3333": [-62.73341, -19.72437, -11.23158],
						"3.375": [-66.01104, -19.9803, -10.90672],
						"3.4167": [-69.48063, -20.25122, -10.56284],
						"3.875": [-111.10933, -23.5018, -6.43692],
						"4.0417": [-126.10224, -24.67252, -4.95094],
						"4.0833": [-129.69341, -24.95294, -4.59501],
						"4.125": [-133.163, -25.22386, -4.25113],
						"4.1667": [-136.44063, -25.47979, -3.92628],
						"4.2083": [-139.35911, -25.70768, -3.63702],
						"4.25": [-141.17611, -25.84956, -3.45693],
						"4.2917": [-141.00208, -25.00862, -4.36652],
						"4.3333": [-140.70011, -23.5494, -5.94485],
						"4.375": [-140.35176, -21.86606, -7.76558],
						"4.75": [-136.7364, -4.39549, -26.66213],
						"4.875": [-135.57492, 1.21714, -32.73287],
						"4.9167": [-135.22657, 2.90048, -34.55361],
						"4.9583": [-134.9246, 4.3597, -36.13194],
						"5.0": [-134.75058, 5.20065, -37.04152],
						"5.0417": [-131.10108, 5.0598, -36.03831],
						"5.0833": [-124.76839, 4.81539, -34.29752],
						"5.125": [-117.4631, 4.53344, -32.28938],
						"5.1667": [-109.63159, 4.23119, -30.13658],
						"5.2083": [-101.47468, 3.91638, -27.89433],
						"5.25": [-93.10561, 3.59338, -25.59376],
						"5.4583": [-50.15252, 1.93562, -13.7864],
						"5.5": [-41.64497, 1.60727, -11.44777],
						"5.5417": [-33.2759, 1.28427, -9.1472],
						"5.5833": [-25.11898, 0.96946, -6.90495],
						"5.625": [-17.28748, 0.6672, -4.75215],
						"5.6667": [-9.98219, 0.38526, -2.744],
						"5.7083": [-3.6495, 0.14085, -1.00321],
						"5.75": [0, 0, 0]
					}
				},
				"rightArm": {
					"rotation": {
						"0": [0, 0, 0],
						"0.75": [-57.50142, 21.46902, 13.12427],
						"0.7917": [-59.37204, 21.35865, 12.63549],
						"0.8333": [-62.37666, 21.18137, 11.8504],
						"0.875": [-65.75104, 20.98227, 10.9687],
						"0.9167": [-69.32304, 20.77152, 10.03536],
						"1.375": [-112.18048, 18.24281, -1.16299],
						"1.5417": [-127.61593, 17.33208, -5.19616],
						"1.5833": [-131.3131, 17.11394, -6.16221],
						"1.625": [-134.8851, 16.90318, -7.09555],
						"1.6667": [-138.25948, 16.70408, -7.97725],
						"1.7083": [-141.2641, 16.5268, -8.76233],
						"1.75": [-143.13473, 16.41643, -9.25112],
						"1.7917": [-143.21404, 15.36702, -7.89419],
						"1.8333": [-143.35166, 13.54605, -5.53961],
						"1.875": [-143.51042, 11.44542, -2.82341],
						"1.9167": [-143.68062, 9.19348, 0.08845],
						"2.25": [-145.15812, -10.35605, 25.36675],
						"2.3333": [-145.51727, -15.10809, 31.51133],
						"2.375": [-145.68746, -17.36003, 34.42318],
						"2.4167": [-145.84623, -19.46067, 37.13938],
						"2.4583": [-145.98385, -21.28163, 39.49396],
						"2.5": [-146.06316, -22.33104, 40.85089],
						"2.5417": [-143.0006, -22.17104, 40.94337],
						"2.5833": [-136.89587, -21.85212, 41.12772],
						"2.625": [-129.45421, -21.46335, 41.35245],
						"2.6667": [-121.29209, -21.03694, 41.59893],
						"2.7083": [-112.73529, -20.58991, 41.85733],
						"2.7917": [-95.26624, -19.67729, 42.38486],
						"2.8333": [-86.70944, -19.23026, 42.64326],
						"2.875": [-78.54731, -18.80385, 42.88974],
						"2.9167": [-71.10565, -18.41508, 43.11446],
						"2.9583": [-65.00093, -18.09615, 43.29882],
						"3.0": [-61.93837, -17.93616, 43.3913],
						"3.0417": [-61.6726, -15.57583, 41.57833],
						"3.0833": [-60.88044, -8.54055, 36.17455],
						"3.1667": [-58.55934, 12.07342, 20.34101],
						"3.2083": [-57.76718, 19.10869, 14.93723],
						"3.25": [-57.50142, 21.46902, 13.12427],
						"3.2917": [-59.37204, 21.35865, 12.63549],
						"3.3333": [-62.37666, 21.18137, 11.8504],
						"3.375": [-65.75104, 20.98227, 10.9687],
						"3.4167": [-69.32304, 20.77152, 10.03536],
						"3.875": [-112.18048, 18.24281, -1.16299],
						"4.0417": [-127.61593, 17.33208, -5.19616],
						"4.0833": [-131.3131, 17.11394, -6.16221],
						"4.125": [-134.8851, 16.90318, -7.09555],
						"4.1667": [-138.25948, 16.70408, -7.97725],
						"4.2083": [-141.2641, 16.5268, -8.76233],
						"4.25": [-143.13473, 16.41643, -9.25112],
						"4.2917": [-143.21404, 15.36702, -7.89419],
						"4.3333": [-143.35166, 13.54605, -5.53961],
						"4.375": [-143.51042, 11.44542, -2.82341],
						"4.4167": [-143.68062, 9.19348, 0.08845],
						"4.75": [-145.15812, -10.35605, 25.36675],
						"4.8333": [-145.51727, -15.10809, 31.51133],
						"4.875": [-145.68746, -17.36003, 34.42318],
						"4.9167": [-145.84623, -19.46067, 37.13938],
						"4.9583": [-145.98385, -21.28163, 39.49396],
						"5.0": [-146.06316, -22.33104, 40.85089],
						"5.0417": [-142.10728, -21.72624, 39.74451],
						"5.0833": [-135.24295, -20.67678, 37.8247],
						"5.125": [-127.32436, -19.46614, 35.61003],
						"5.1667": [-118.83539, -18.16829, 33.23583],
						"5.2083": [-109.99369, -16.81651, 30.76299],
						"5.25": [-100.92201, -15.42958, 28.22583],
						"5.4583": [-54.36292, -8.31134, 15.2042],
						"5.5": [-45.14115, -6.90146, 12.62506],
						"5.5417": [-36.06947, -5.51452, 10.0879],
						"5.5833": [-27.22777, -4.16275, 7.61505],
						"5.625": [-18.7388, -2.8649, 5.24086],
						"5.6667": [-10.82021, -1.65426, 3.02619],
						"5.7083": [-3.95588, -0.6048, 1.10638],
						"5.75": [0, 0, 0]
					}
				}
			},
			"particle_effects": {
				"1.75": {
					"effect": "diddy"
				}
			}
		}
	}
}